edge_id	from_anchor	from_orient	to_anchor	to_orient	coverage	max_raw_junction_support	mean_span	min_span	max_span	unitig
e0	a28	+	a97	-	549	463	176.00	176	176	utg0
e1	a28	-	a29	+	508	452	128.00	128	128	utg0
e2	a29	+	a98	-	338	318	370.98	370	372	utg0
e3	a29	-	a28	+	548	463	128.00	128	128	utg0
e4	a36	+	a106	+	367	310	155.00	155	155	utg0
e5	a36	-	a105	-	435	323	158.00	158	158	utg0
e6	a47	+	a178	-	427	373	177.00	177	177	utg0
e7	a47	-	a115	-	470	411	191.00	191	191	utg0
e8	a51	+	a143	+	359	312	257.00	257	257	utg0
e9	a51	-	a141	-	493	446	385.97	384	388	utg0
e10	a54	+	a144	+	341	283	242.00	242	242	utg0
e11	a54	-	a55	-	379	337	431.98	430	433	utg0
e12	a55	+	a54	+	401	348	431.99	430	434	utg0
e13	a55	-	a56	+	524	461	149.00	149	149	utg0
e14	a56	+	a57	-	524	461	139.00	139	139	utg0
e15	a56	-	a55	+	547	482	149.00	149	149	utg0
e16	a57	+	a56	-	552	482	139.00	139	139	utg0
e17	a57	-	a199	+	450	403	240.00	240	240	utg0
e18	a59	+	a199	-	487	421	173.00	173	173	utg0
e19	a59	-	a60	+	510	427	227.00	227	227	utg0
e20	a60	+	a61	+	529	444	337.95	336	339	utg0
e21	a60	-	a59	+	490	421	227.00	227	227	utg0
e22	a61	+	a62	+	530	444	119.00	119	119	utg0
e23	a61	-	a60	-	533	435	338.00	336	340	utg0
e24	a62	+	a63	+	447	418	147.00	147	147	utg0
e25	a62	-	a61	-	523	435	119.00	119	119	utg0
e26	a63	+	a200	-	323	300	263.00	262	264	utg0
e27	a63	-	a62	-	460	405	147.00	147	147	utg0
e28	a65	+	a66	+	382	355	296.01	295	297	utg0
e29	a65	-	a200	+	365	255	355.00	353	358	utg0
e30	a66	+	a67	+	418	355	120.00	120	120	utg0
e31	a66	-	a65	-	365	340	295.98	295	297	utg0
e32	a67	+	a68	+	527	399	254.00	254	255	utg0
e33	a67	-	a66	-	420	342	120.00	120	120	utg0
e34	a68	+	a150	-	457	399	182.00	182	182	utg0
e35	a68	-	a67	-	522	383	254.00	254	254	utg0
e36	a71	+	a72	+	393	332	119.00	119	119	utg0
e37	a71	-	a280	+	416	309	205.00	205	205	utg0
e38	a72	+	a73	-	300	279	400.98	399	403	utg0
e39	a72	-	a71	-	373	309	119.00	119	119	utg0
e40	a73	+	a72	-	312	280	400.97	399	402	utg0
e41	a73	-	a74	-	456	313	132.00	132	132	utg0
e42	a74	+	a73	+	503	340	132.00	132	132	utg0
e43	a74	-	a155	-	374	313	174.00	174	174	utg0
e44	a77	+	a78	-	357	287	196.00	196	196	utg0
e45	a77	-	a156	-	360	287	229.00	229	229	utg0
e46	a78	+	a77	-	383	287	196.00	196	196	utg0
e47	a78	-	a157	+	380	312	273.00	273	273	utg0
e48	a80	+	a81	+	439	404	332.95	331	335	utg0
e49	a80	-	a157	-	389	322	335.99	334	337	utg0
e50	a81	+	a82	+	525	464	124.00	124	124	utg0
e51	a81	-	a80	-	455	408	332.95	331	338	utg0
e52	a82	+	a83	-	525	464	132.00	132	132	utg0
e53	a82	-	a81	-	543	470	124.00	124	124	utg0
e54	a83	+	a82	-	547	470	132.00	132	132	utg0
e55	a83	-	a160	+	425	405	221.00	221	221	utg0
e56	a85	+	a86	-	529	392	148.00	148	148	utg0
e57	a85	-	a160	-	446	415	254.97	254	256	utg0
e58	a86	+	a85	-	567	415	148.00	148	148	utg0
e59	a86	-	a87	-	409	363	217.00	217	217	utg0
e60	a87	+	a86	+	448	394	217.00	217	217	utg0
e61	a87	-	a205	+	349	312	353.97	352	355	utg0
e62	a90	+	a91	+	373	331	141.00	141	141	utg0
e63	a90	-	a163	+	389	312	166.00	166	166	utg0
e64	a91	+	a92	-	391	331	121.00	121	121	utg0
e65	a91	-	a90	-	384	337	141.00	141	141	utg0
e66	a92	+	a91	-	379	337	121.00	121	121	utg0
e67	a92	-	a93	-	297	240	189.00	189	189	utg0
e68	a93	+	a92	+	312	245	189.00	189	189	utg0
e69	a93	-	a94	-	284	226	374.95	373	376	utg0
e70	a94	+	a93	+	317	257	374.95	373	377	utg0
e71	a94	-	a95	+	389	322	268.01	268	269	utg0
e72	a95	+	a96	-	442	406	236.00	236	236	utg0
e73	a95	-	a94	+	450	375	268.00	268	269	utg0
e74	a96	+	a95	-	491	452	236.00	236	236	utg0
e75	a96	-	a97	+	520	428	150.00	150	150	utg0
e76	a97	+	a28	-	533	452	176.00	176	176	utg0
e77	a97	-	a96	+	567	463	150.00	150	150	utg0
e78	a98	+	a29	-	372	350	370.99	370	372	utg0
e79	a98	-	a99	-	334	305	188.00	188	188	utg0
e80	a99	+	a98	+	350	319	188.00	188	188	utg0
e81	a99	-	a100	+	402	305	118.00	118	118	utg0
e82	a100	+	a101	-	312	255	302.97	301	305	utg0
e83	a100	-	a99	+	420	319	118.00	118	118	utg0
e84	a101	+	a100	-	359	284	302.94	301	304	utg0
e85	a101	-	a171	-	384	313	140.00	140	140	utg0
e86	a103	+	a212	-	429	299	235.00	235	235	utg0
e87	a103	-	a171	+	389	325	214.00	214	214	utg0
e88	a105	+	a36	+	391	295	158.00	158	158	utg0
e89	a105	-	a212	+	369	323	230.00	230	230	utg0
e90	a106	+	a107	-	364	337	145.00	145	145	utg0
e91	a106	-	a36	-	404	338	155.00	155	155	utg0
e92	a107	+	a106	-	380	341	145.00	145	145	utg0
e93	a107	-	a108	-	401	337	129.00	129	129	utg0
e94	a108	+	a107	+	390	341	129.00	129	129	utg0
e95	a108	-	a109	+	365	301	413.40	412	416	utg0
e96	a109	+	a110	-	425	351	280.98	280	282	utg0
e97	a109	-	a108	+	371	291	413.55	411	418	utg0
e98	a110	+	a109	-	397	334	281.00	280	284	utg0
e99	a110	-	a111	-	481	403	226.00	226	226	utg0
e100	a111	+	a110	+	486	420	226.00	226	226	utg0
e101	a111	-	a112	-	490	403	191.00	191	191	utg0
e102	a112	+	a111	+	531	420	191.00	191	191	utg0
e103	a112	-	a113	+	344	310	319.99	319	321	utg0
e104	a113	+	a114	-	395	314	168.00	168	168	utg0
e105	a113	-	a112	+	340	306	319.99	319	321	utg0
e106	a114	+	a113	-	383	319	168.00	168	168	utg0
e107	a114	-	a115	+	437	331	287.00	286	288	utg0
e108	a115	+	a47	+	446	373	191.00	191	191	utg0
e109	a115	-	a114	+	433	333	287.00	286	288	utg0
e110	a117	+	a178	+	470	363	393.88	391	397	utg0
e111	a117	-	a118	+	465	398	340.98	339	342	utg0
e112	a118	+	a119	+	485	398	174.00	174	174	utg0
e113	a118	-	a117	+	456	394	340.98	340	342	utg0
e114	a119	+	a182	-	355	292	270.97	269	272	utg0
e115	a119	-	a118	-	499	394	174.00	174	174	utg0
e116	a121	+	a182	+	317	254	212.00	212	212	utg0
e117	a121	-	a122	-	372	279	477.99	476	480	utg0
e118	a122	+	a121	+	376	257	478.01	477	480	utg0
e119	a122	-	a185	+	381	279	132.00	132	132	utg0
e120	a125	+	a126	+	429	369	121.00	121	121	utg0
e121	a125	-	a186	+	357	303	187.00	187	187	utg0
e122	a126	+	a127	+	437	369	129.00	129	129	utg0
e123	a126	-	a125	-	421	362	121.00	121	121	utg0
e124	a127	+	a128	+	408	339	212.00	212	212	utg0
e125	a127	-	a126	-	437	362	129.00	129	129	utg0
e126	a128	+	a129	-	357	323	253.00	253	253	utg0
e127	a128	-	a127	-	396	331	212.00	212	212	utg0
e128	a129	+	a128	-	329	307	253.00	253	253	utg0
e129	a129	-	a130	-	461	337	127.00	127	127	utg0
e130	a130	+	a129	+	453	319	127.00	127	127	utg0
e131	a130	-	a131	+	367	337	284.01	283	285	utg0
e132	a131	+	a132	+	468	371	121.00	121	121	utg0
e133	a131	-	a130	+	358	323	284.02	283	286	utg0
e134	a132	+	a133	+	432	371	213.00	213	213	utg0
e135	a132	-	a131	-	464	357	121.00	121	121	utg0
e136	a133	+	a268	-	376	310	307.01	303	309	utg0
e137	a133	-	a132	-	434	357	213.00	213	213	utg0
e138	a134	+	a448	-	454	352	306.99	303	308	utg0
e139	a134	-	a726	-	341	313	340.99	340	342	utg0
e140	a138	+	a450	+	483	389	286.99	286	288	utg0
e141	a138	-	a139	-	464	391	285.00	281	287	utg0
e142	a139	+	a138	+	484	403	284.98	284	286	utg0
e143	a139	-	a140	-	504	460	271.03	270	273	utg0
e144	a140	+	a139	+	505	457	271.01	270	272	utg0
e145	a140	-	a141	+	562	460	138.00	138	138	utg0
e146	a141	+	a51	+	490	438	386.01	385	388	utg0
e147	a141	-	a140	+	572	457	138.00	138	138	utg0
e148	a143	+	a144	-	300	258	234.00	234	234	utg0
e149	a143	-	a51	-	383	317	257.00	256	257	utg0
e150	a144	+	a143	-	319	278	234.00	234	234	utg0
e151	a144	-	a54	-	327	285	242.00	242	242	utg0
e152	a150	+	a68	-	440	383	182.00	182	182	utg0
e153	a150	-	a280	-	411	369	305.97	304	307	utg0
e154	a155	+	a74	+	398	340	174.00	174	174	utg0
e155	a155	-	a156	+	334	289	207.00	207	207	utg0
e156	a156	+	a77	+	350	271	229.00	229	229	utg0
e157	a156	-	a155	+	352	308	207.00	207	207	utg0
e158	a157	+	a80	+	403	334	336.01	335	337	utg0
e159	a157	-	a78	+	362	292	273.00	272	273	utg0
e160	a160	+	a85	+	424	392	254.98	254	256	utg0
e161	a160	-	a83	+	458	415	221.00	221	221	utg0
e162	a163	+	a205	-	424	310	173.00	173	173	utg0
e163	a163	-	a90	+	378	319	166.00	166	166	utg0
e164	a171	+	a101	+	411	325	140.00	140	140	utg0
e165	a171	-	a103	+	390	313	214.00	214	214	utg0
e166	a178	+	a47	-	472	411	177.00	177	177	utg0
e167	a178	-	a117	-	443	346	393.85	391	397	utg0
e168	a182	+	a119	-	334	288	270.98	270	272	utg0
e169	a182	-	a121	-	328	268	212.00	212	212	utg0
e170	a185	+	a186	-	320	278	199.00	199	199	utg0
e171	a185	-	a122	+	368	278	132.00	132	132	utg0
e172	a186	+	a185	-	327	278	199.00	199	199	utg0
e173	a186	-	a125	+	379	309	187.00	187	187	utg0
e174	a193	+	a194	+	499	381	151.00	151	151	utg0
e175	a193	-	a320	-	403	348	258.00	257	259	utg0
e176	a194	+	a322	+	416	381	402.98	402	404	utg0
e177	a194	-	a193	-	480	353	151.00	151	151	utg0
e178	a196	+	a322	-	511	457	211.00	211	211	utg0
e179	a196	-	a197	-	555	457	143.00	143	143	utg0
e180	a197	+	a196	+	533	457	143.00	143	143	utg0
e181	a197	-	a323	-	414	391	353.00	351	355	utg0
e182	a199	+	a59	-	478	424	173.00	173	173	utg0
e183	a199	-	a57	+	468	430	240.00	240	240	utg0
e184	a200	+	a63	-	297	276	263.01	262	264	utg0
e185	a200	-	a65	+	376	273	354.97	353	356	utg0
e186	a205	+	a163	-	399	319	173.00	173	173	utg0
e187	a205	-	a87	+	389	346	354.00	350	356	utg0
e188	a212	+	a103	-	440	297	235.00	235	235	utg0
e189	a212	-	a105	+	357	295	230.00	230	230	utg0
e190	a268	+	a133	-	383	325	307.01	305	309	utg0
e191	a268	-	a320	+	379	322	200.00	200	200	utg0
e192	a276	+	a325	-	442	364	212.00	212	212	utg0
e193	a276	-	a326	-	447	362	226.00	226	226	utg0
e194	a280	+	a150	+	399	349	305.99	305	307	utg0
e195	a280	-	a71	+	435	332	205.00	205	205	utg0
e196	a320	+	a193	+	404	354	258.00	257	259	utg0
e197	a320	-	a268	+	419	334	200.00	200	200	utg0
e198	a322	+	a196	-	505	457	211.00	211	211	utg0
e199	a322	-	a194	-	398	353	402.97	401	405	utg0
e200	a323	+	a197	+	421	392	353.00	351	355	utg0
e201	a323	-	a481	+	474	385	158.00	158	158	utg0
e202	a325	+	a276	-	434	356	212.00	212	212	utg0
e203	a325	-	a481	-	418	382	248.00	248	248	utg0
e204	a326	+	a276	+	452	364	226.00	226	226	utg0
e205	a326	-	a327	-	443	380	223.00	223	223	utg0
e206	a327	+	a326	+	445	383	223.00	223	223	utg0
e207	a327	-	a328	-	455	380	178.00	178	178	utg0
e208	a328	+	a327	+	445	383	178.00	178	178	utg0
e209	a328	-	a438	+	461	375	195.00	195	195	utg0
e210	a330	+	a438	-	391	343	258.00	257	259	utg0
e211	a330	-	a331	-	412	313	189.00	189	189	utg0
e212	a331	+	a330	+	462	343	189.00	189	189	utg0
e213	a331	-	a332	-	412	309	332.99	330	334	utg0
e214	a332	+	a331	+	436	332	333.00	332	334	utg0
e215	a332	-	a440	+	362	318	264.00	264	264	utg0
e216	a336	+	a909	+	368	342	545.01	543	547	utg0
e217	a336	-	a337	+	528	448	126.00	126	126	utg0
e218	a337	+	a338	-	507	448	318.00	316	320	utg0
e219	a337	-	a336	+	522	437	126.00	126	126	utg0
e220	a338	+	a337	-	515	437	318.01	317	319	utg0
e221	a338	-	a639	-	474	397	161.00	161	161	utg0
e222	a340	+	a341	+	394	324	232.00	232	232	utg0
e223	a340	-	a639	+	450	410	210.00	210	210	utg0
e224	a341	+	a342	+	411	324	163.00	163	163	utg0
e225	a341	-	a340	-	417	354	232.00	232	232	utg0
e226	a342	+	a343	+	375	299	392.04	391	395	utg0
e227	a342	-	a341	-	423	354	163.00	163	163	utg0
e228	a343	+	a1174	+	356	291	257.00	256	258	utg0
e229	a343	-	a342	-	364	302	392.05	391	394	utg0
e230	a345	+	a1174	-	418	346	252.01	251	253	utg0
e231	a345	-	a346	-	457	411	186.00	186	186	utg0
e232	a346	+	a345	+	446	403	186.00	186	186	utg0
e233	a346	-	a347	-	486	411	195.00	195	195	utg0
e234	a347	+	a346	+	485	403	195.00	195	195	utg0
e235	a347	-	a1751	-	382	330	348.03	347	350	utg0
e236	a349	+	a350	-	459	412	167.00	167	167	utg0
e237	a349	-	a1751	+	374	331	200.00	200	200	utg0
e238	a350	+	a349	-	441	393	167.00	167	167	utg0
e239	a350	-	a351	-	486	412	133.00	133	133	utg0
e240	a351	+	a350	+	494	393	133.00	133	133	utg0
e241	a351	-	a918	-	376	337	317.98	317	319	utg0
e242	a353	+	a354	-	382	273	200.00	200	200	utg0
e243	a353	-	a918	+	277	235	730.88	729	733	utg0
e244	a354	+	a353	-	356	256	200.00	200	200	utg0
e245	a354	-	a355	+	366	324	341.02	340	342	utg0
e246	a355	+	a356	+	429	364	129.00	129	129	utg0
e247	a355	-	a354	+	370	323	341.00	340	343	utg0
e248	a356	+	a920	+	422	364	120.00	120	120	utg0
e249	a356	-	a355	-	407	356	129.00	129	129	utg0
e250	a358	+	a359	+	369	291	241.00	241	241	utg0
e251	a358	-	a920	-	387	331	244.00	244	244	utg0
e252	a359	+	a7195	+	293	244	454.04	452	457	utg0
e253	a359	-	a358	-	366	284	241.00	241	241	utg0
e254	a361	+	a362	-	929	736	117.00	117	117	.
e255	a361	-	a7195	-	668	626	284.00	283	285	utg2
e256	a362	+	a361	-	964	789	117.00	117	117	utg2
e257	a362	-	a923	-	841	736	402.99	401	405	.
e258	a438	+	a330	-	361	323	257.99	257	258	utg0
e259	a438	-	a328	+	456	362	195.00	195	195	utg0
e260	a440	+	a441	+	443	333	152.00	152	152	utg0
e261	a440	-	a332	+	382	334	264.01	264	265	utg0
e262	a441	+	a909	-	376	333	149.00	149	149	utg0
e263	a441	-	a440	-	463	349	152.00	152	152	utg0
e264	a448	+	a134	-	463	348	306.99	306	308	utg0
e265	a448	-	a1175	-	479	409	236.00	236	236	utg0
e266	a450	+	a1175	+	445	389	240.00	240	240	utg0
e267	a450	-	a138	-	458	390	286.98	286	288	utg0
e268	a481	+	a325	+	425	359	248.00	248	248	utg0
e269	a481	-	a323	+	486	391	158.00	158	158	utg0
e270	a639	+	a338	+	495	410	161.00	161	161	utg0
e271	a639	-	a340	+	424	376	210.00	210	210	utg0
e272	a726	+	a134	+	352	310	340.99	340	342	utg0
e273	a726	-	a3416	+	361	302	199.00	199	199	utg0
e274	a909	+	a441	-	400	349	149.00	149	149	utg0
e275	a909	-	a336	-	368	343	544.99	542	548	utg0
e276	a918	+	a351	+	377	336	317.98	317	319	utg0
e277	a918	-	a353	+	303	265	730.87	728	734	utg0
e278	a920	+	a358	+	396	331	244.00	244	244	utg0
e279	a920	-	a356	-	414	356	120.00	120	120	utg0
e280	a923	+	a362	+	897	789	402.97	401	405	utg2
e281	a923	-	a924	-	870	734	229.00	229	229	.
e282	a924	+	a923	+	916	772	229.00	229	229	utg2
e283	a924	-	a925	-	894	764	221.00	221	221	.
e284	a925	+	a924	+	911	772	221.00	221	221	utg2
e285	a925	-	a926	-	944	769	180.00	180	180	.
e286	a926	+	a925	+	923	771	180.00	180	180	utg2
e287	a926	-	a927	-	875	769	298.01	297	299	.
e288	a927	+	a926	+	891	771	298.01	297	300	utg2
e289	a927	-	a928	-	952	738	216.00	216	216	.
e290	a928	+	a927	+	985	765	216.00	216	216	utg2
e291	a928	-	a929	-	812	704	278.00	277	279	.
e292	a929	+	a928	+	833	714	277.99	277	278	utg2
e293	a929	-	a8498	+	767	694	262.00	261	263	.
e294	a931	+	a8499	+	785	679	335.99	333	338	utg2
e295	a931	-	a7206	+	865	692	347.00	345	349	.
e296	a1174	+	a345	-	400	346	252.00	252	253	utg0
e297	a1174	-	a343	-	377	317	257.01	256	258	utg0
e298	a1175	+	a448	+	474	389	236.00	236	236	utg0
e299	a1175	-	a450	-	450	409	240.00	240	240	utg0
e300	a1751	+	a347	+	379	323	348.04	347	349	utg0
e301	a1751	-	a349	+	375	330	200.00	200	200	utg0
e302	a1760	+	a2843	+	454	386	351.96	350	355	utg0
e303	a1760	-	a6589	+	423	387	348.97	347	351	utg0
e304	a1762	+	a2843	-	512	391	184.00	184	184	utg0
e305	a1762	-	a1763	-	437	380	205.00	205	205	utg0
e306	a1763	+	a1762	+	439	381	205.00	205	205	utg0
e307	a1763	-	a1764	+	433	380	201.00	201	201	utg0
e308	a1764	+	a1765	-	439	310	398.98	397	403	utg0
e309	a1764	-	a1763	+	436	381	201.00	201	201	utg0
e310	a1765	+	a1764	-	427	318	398.98	397	400	utg0
e311	a1765	-	a3530	-	366	324	191.00	191	191	utg0
e312	a1767	+	a2846	+	432	299	188.00	188	188	utg0
e313	a1767	-	a3530	+	376	313	118.00	118	118	utg0
e314	a1769	+	a13493	+	293	261	241.00	241	241	utg0
e315	a1769	-	a2846	-	377	312	239.00	239	239	utg0
e316	a1771	+	a3416	-	424	322	198.00	198	198	utg0
e317	a1771	-	a13493	-	363	279	159.00	159	159	utg0
e318	a2839	+	a3523	+	443	404	291.99	291	293	utg0
e319	a2839	-	a10124	+	404	322	314.95	314	316	utg0
e320	a2843	+	a1762	-	521	386	184.00	184	184	utg0
e321	a2843	-	a1760	-	462	391	351.97	351	354	utg0
e322	a2846	+	a1769	+	365	299	239.00	239	239	utg0
e323	a2846	-	a1767	-	440	312	188.00	188	188	utg0
e324	a3416	+	a1771	-	402	302	198.00	198	198	utg0
e325	a3416	-	a726	+	365	322	199.00	199	199	utg0
e326	a3523	+	a6589	-	532	404	146.00	146	146	utg0
e327	a3523	-	a2839	-	426	387	291.99	291	293	utg0
e328	a3530	+	a1765	+	359	318	191.00	191	191	utg0
e329	a3530	-	a1767	+	367	324	118.00	118	118	utg0
e330	a6589	+	a3523	-	514	387	146.00	146	146	utg0
e331	a6589	-	a1760	+	429	391	348.98	347	351	utg0
e332	a7195	+	a361	+	664	620	284.00	282	286	.
e333	a7195	-	a359	-	306	248	454.06	452	457	utg0
e334	a7195	-	a62501	-	286	229	244.00	244	244	utg0
e335	a7206	+	a8500	+	921	787	236.00	236	236	.
e336	a7206	-	a931	+	848	689	347.00	346	348	utg2
e337	a7209	+	a8501	+	871	788	210.00	210	210	utg2
e338	a7209	-	a7210	+	783	669	211.00	211	211	.
e339	a7210	+	a7211	+	800	698	251.00	251	251	.
e340	a7210	-	a7209	+	829	712	211.00	211	211	utg2
e341	a7211	+	a24408	-	951	765	174.00	174	174	.
e342	a7211	-	a7210	-	871	763	251.00	251	251	utg2
e343	a8498	+	a8499	-	914	694	122.00	122	122	.
e344	a8498	-	a929	+	766	706	262.00	261	263	utg2
e345	a8499	+	a8498	-	913	706	122.00	122	122	utg2
e346	a8499	-	a931	-	766	688	336.00	335	338	.
e347	a8500	+	a8501	-	936	787	129.00	129	129	.
e348	a8500	-	a7206	-	970	857	236.00	236	236	utg2
e349	a8501	+	a8500	-	1038	857	129.00	129	129	utg2
e350	a8501	-	a7209	-	822	735	210.00	210	210	.
e351	a10122	+	a10123	+	454	374	237.00	237	237	utg0
e352	a10122	-	a210293	-	310	257	234.00	234	234	utg0
e353	a10123	+	a10124	-	460	374	251.00	251	251	utg0
e354	a10123	-	a10122	-	421	337	237.00	237	237	utg0
e355	a10124	+	a10123	-	416	337	251.00	251	251	utg0
e356	a10124	-	a2839	+	452	366	315.00	313	316	utg0
e357	a13493	+	a1771	+	362	291	159.00	159	159	utg0
e358	a13493	-	a1769	-	297	257	241.00	241	241	utg0
e359	a16703	+	a16704	-	310	283	261.99	261	263	utg0
e360	a16703	-	a206263	+	466	319	163.00	163	163	utg0
e361	a16704	+	a16703	-	342	319	261.98	261	263	utg0
e362	a16704	-	a201606	+	355	248	318.01	317	319	utg0
e363	a16707	+	a211121	+	393	290	163.00	163	163	utg0
e364	a16707	-	a201606	-	362	327	463.00	462	464	utg0
e365	a16710	+	a199835	+	384	303	128.00	128	128	utg0
e366	a16710	-	a202244	+	393	337	154.00	154	154	utg0
e367	a22296	+	a22297	-	1077	975	147.00	147	147	utg2
e368	a22296	-	a30232	+	1039	968	144.00	144	144	.
e369	a22297	+	a22296	-	1053	953	147.00	147	147	.
e370	a22297	-	a22298	-	1192	947	184.00	184	184	utg2
e371	a22298	+	a22297	+	1161	931	184.00	184	184	.
e372	a22298	-	a30123	-	1071	947	302.99	302	304	utg2
e373	a22300	+	a22301	+	1113	931	117.00	117	117	utg2
e374	a22300	-	a30123	+	1091	910	218.00	218	218	.
e375	a22301	+	a26143	-	986	931	225.00	225	225	utg2
e376	a22301	-	a22300	-	1099	920	117.00	117	117	.
e377	a22309	+	a22310	+	1028	942	310.00	309	312	utg2
e378	a22309	-	a25792	-	889	781	378.99	376	381	.
e379	a22310	+	a25302	-	1166	970	116.00	116	116	utg2
e380	a22310	-	a22309	-	993	907	310.00	309	311	.
e381	a22863	+	a24408	+	902	792	217.00	217	217	utg2
e382	a22863	-	a22864	-	865	708	275.99	275	277	.
e383	a22864	+	a22863	+	900	732	276.00	275	277	utg2
e384	a22864	-	a25310	+	865	734	314.99	314	316	.
e385	a22868	+	a25799	-	877	715	577.01	574	579	utg2
e386	a22868	-	a25306	+	898	793	422.00	420	425	.
e387	a24408	+	a7211	-	1031	792	174.00	174	174	utg2
e388	a24408	-	a22863	-	864	765	217.00	217	217	.
e389	a24691	+	a25799	+	918	733	360.00	358	365	.
e390	a24691	-	a25310	-	931	783	193.00	193	193	utg2
e391	a24694	+	a25304	+	1046	912	267.00	266	268	.
e392	a24694	-	a25306	-	1063	886	191.00	191	191	utg2
e393	a24701	+	a25792	+	1023	880	171.00	171	171	utg2
e394	a24701	-	a26140	+	1084	897	179.00	179	179	.
e395	a25302	+	a22310	-	1160	981	116.00	116	116	.
e396	a25302	-	a25794	-	1106	970	213.00	213	213	utg2
e397	a25304	+	a25794	+	1093	928	210.00	210	210	.
e398	a25304	-	a24694	-	1079	940	267.00	266	268	utg2
e399	a25306	+	a24694	+	1058	892	191.00	191	191	.
e400	a25306	-	a22868	+	912	813	421.99	420	424	utg2
e401	a25310	+	a24691	+	873	734	193.00	193	193	.
e402	a25310	-	a22864	+	920	783	314.99	313	317	utg2
e403	a25792	+	a22309	+	960	842	378.98	377	381	utg2
e404	a25792	-	a24701	-	998	842	171.00	171	171	.
e405	a25794	+	a25302	+	1092	981	213.00	213	213	.
e406	a25794	-	a25304	-	1131	944	210.00	210	210	utg2
e407	a25799	+	a22868	-	863	703	577.03	575	579	.
e408	a25799	-	a24691	-	920	740	359.99	358	362	utg2
e409	a26140	+	a26141	-	1013	897	191.00	191	191	.
e410	a26140	-	a24701	+	1094	899	179.00	179	179	utg2
e411	a26141	+	a26140	-	1034	899	191.00	191	191	utg2
e412	a26141	-	a30233	+	1039	881	273.00	272	274	.
e413	a26143	+	a22301	-	987	920	225.00	225	225	.
e414	a26143	-	a30233	-	1102	906	139.00	139	139	utg2
e415	a30123	+	a22298	+	1051	931	303.00	302	304	.
e416	a30123	-	a22300	+	1113	912	218.00	218	218	utg2
e417	a30225	+	a30226	+	1179	1003	161.00	161	161	utg2
e418	a30225	-	a37853	-	1223	1032	140.00	140	140	.
e419	a30226	+	a34577	+	1026	924	290.00	289	291	utg2
e420	a30226	-	a30225	-	1182	1032	161.00	161	161	.
e421	a30228	+	a30229	+	1163	951	194.00	194	194	utg2
e422	a30228	-	a34577	-	1111	929	259.00	259	260	.
e423	a30229	+	a30230	-	1071	973	293.01	292	296	utg2
e424	a30229	-	a30228	-	1190	977	194.00	194	194	.
e425	a30230	+	a30229	-	1085	984	293.00	292	295	.
e426	a30230	-	a30231	+	1214	973	168.00	168	168	utg2
e427	a30231	+	a30232	-	1146	992	138.00	138	138	utg2
e428	a30231	-	a30230	+	1239	984	168.00	168	168	.
e429	a30232	+	a30231	-	1108	968	138.00	138	138	.
e430	a30232	-	a22296	+	1088	992	144.00	144	144	utg2
e431	a30233	+	a26143	+	1083	905	139.00	139	139	.
e432	a30233	-	a26141	+	1050	887	273.00	272	274	utg2
e433	a32983	+	a32984	+	887	772	219.00	219	219	utg2
e434	a32983	-	a39027	+	994	845	247.00	247	247	.
e435	a32984	+	a35524	-	911	794	179.00	179	179	utg2
e436	a32984	-	a32983	-	780	679	219.00	219	219	.
e437	a33303	+	a41383	+	1007	924	212.00	212	212	utg2
e438	a33303	-	a33304	+	1014	855	218.00	218	218	.
e439	a33304	+	a39030	-	1061	857	266.00	265	268	.
e440	a33304	-	a33303	+	1050	879	218.00	218	218	utg2
e441	a33307	+	a41241	-	1000	908	226.00	226	226	utg2
e442	a33307	-	a41298	-	690	591	419.90	415	421	.
e443	a33307	-	a43630	+	174	141	413.95	413	415	.
e444	a34577	+	a30228	+	1113	937	259.00	259	259	utg2
e445	a34577	-	a30226	-	1034	927	290.00	289	292	.
e446	a35524	+	a32984	-	818	725	179.00	179	179	.
e447	a35524	-	a37853	+	948	881	160.00	160	160	utg2
e448	a37853	+	a30225	+	1228	1003	140.00	140	140	utg2
e449	a37853	-	a35524	+	879	822	160.00	160	160	.
e450	a38423	+	a38424	+	302	241	217.00	217	217	utg0
e451	a38423	-	a182179	-	313	267	236.00	236	236	utg0
e452	a38424	+	a38425	+	340	285	442.98	442	445	utg0
e453	a38424	-	a38423	-	332	266	217.00	217	217	utg0
e454	a38425	+	a38426	-	372	324	274.99	274	276	utg0
e455	a38425	-	a38424	-	371	289	443.01	441	445	utg0
e456	a38426	+	a38425	-	352	305	275.00	274	276	utg0
e457	a38426	-	a38427	-	414	358	184.00	184	184	utg0
e458	a38427	+	a38426	+	382	333	184.00	184	184	utg0
e459	a38427	-	a38428	-	425	358	122.00	122	122	utg0
e460	a38428	+	a38427	+	422	333	122.00	122	122	utg0
e461	a38428	-	a38429	-	334	308	483.98	481	486	utg0
e462	a38429	+	a38428	+	303	282	483.92	481	486	utg0
e463	a38429	-	a38430	-	322	278	180.00	180	180	utg0
e464	a38430	+	a38429	+	287	244	180.00	180	180	utg0
e465	a38430	-	a38431	+	335	280	242.00	242	242	utg0
e466	a38431	+	a38432	+	393	341	224.00	224	224	utg0
e467	a38431	-	a38430	+	316	268	242.00	242	242	utg0
e468	a38432	+	a38433	-	428	341	152.00	152	152	utg0
e469	a38432	-	a38431	-	375	330	224.00	224	224	utg0
e470	a38433	+	a38432	-	387	330	152.00	152	152	utg0
e471	a38433	-	a38434	+	383	339	235.00	235	235	utg0
e472	a38434	+	a38435	-	342	292	309.01	307	311	utg0
e473	a38434	-	a38433	+	347	312	235.00	235	235	utg0
e474	a38435	+	a38434	-	321	274	308.98	308	310	utg0
e475	a38435	-	a194422	+	366	292	147.00	147	147	utg0
e476	a38437	+	a194422	-	349	274	289.00	288	291	utg0
e477	a38437	-	a38438	+	312	257	248.00	248	248	utg0
e478	a38438	+	a193543	-	326	265	149.00	149	149	utg0
e479	a38438	-	a38437	+	280	232	248.00	248	248	utg0
e480	a38440	+	a38441	-	365	271	145.00	145	145	utg0
e481	a38440	-	a193543	+	312	263	157.00	157	157	utg0
e482	a38441	+	a38440	-	346	263	145.00	145	145	utg0
e483	a38441	-	a38442	-	311	250	159.00	159	159	utg0
e484	a38442	+	a38441	+	293	235	159.00	159	159	utg0
e485	a38442	-	a38443	+	296	238	276.99	276	278	utg0
e486	a38443	+	a38444	+	386	313	136.00	136	136	utg0
e487	a38443	-	a38442	+	271	235	277.00	277	278	utg0
e488	a38444	+	a194424	-	365	313	183.00	183	183	utg0
e489	a38444	-	a38443	-	359	283	136.00	136	136	utg0
e490	a38446	+	a38447	+	464	353	143.00	143	143	utg0
e491	a38446	-	a194424	+	367	311	279.00	279	280	utg0
e492	a38447	+	a38448	+	368	339	560.08	558	563	utg0
e493	a38447	-	a38446	-	426	333	143.00	143	143	utg0
e494	a38448	+	a38449	+	464	339	193.00	193	193	utg0
e495	a38448	-	a38447	-	370	334	560.07	558	567	utg0
e496	a38449	+	a38450	+	360	302	390.02	389	392	utg0
e497	a38449	-	a38448	-	450	334	193.00	193	193	utg0
e498	a38450	+	a38451	+	365	303	209.00	209	209	utg0
e499	a38450	-	a38449	-	358	306	390.01	389	391	utg0
e500	a38451	+	a38452	+	434	365	239.00	239	239	utg0
e501	a38451	-	a38450	-	357	308	209.00	209	209	utg0
e502	a38452	+	a38453	-	439	365	236.00	236	236	utg0
e503	a38452	-	a38451	-	421	350	239.00	239	239	utg0
e504	a38453	+	a38452	-	433	350	236.00	236	236	utg0
e505	a38453	-	a199824	+	396	359	341.98	341	344	utg0
e506	a39026	+	a44788	-	125	111	180.00	180	180	.
e507	a39027	+	a41383	-	1079	891	118.00	118	118	.
e508	a39027	-	a32983	+	1056	907	247.00	247	247	utg2
e509	a39030	+	a33304	-	1111	881	266.01	265	267	utg2
e510	a39030	-	a41241	+	1103	944	153.00	153	153	.
e511	a39126	+	a41299	-	1129	964	203.00	203	203	utg2
e512	a39126	-	a42998	-	1140	974	184.00	184	184	.
e513	a39129	+	a39130	-	941	876	335.97	334	338	.
e514	a39129	-	a41854	-	922	769	192.00	192	192	utg2
e515	a39130	+	a39129	-	959	911	335.99	334	339	utg2
e516	a39130	-	a39131	+	1148	968	120.00	120	120	.
e517	a39131	+	a39132	+	1100	968	177.00	177	177	.
e518	a39131	-	a39130	+	1185	961	120.00	120	120	utg2
e519	a39132	+	a40331	+	1125	1008	210.00	210	210	.
e520	a39132	-	a39131	-	1069	961	177.00	177	177	utg2
e521	a39137	+	a42807	+	1063	964	223.00	223	223	utg2
e522	a39137	-	a39138	+	1130	910	189.00	189	189	.
e523	a39138	+	a44539	-	1060	891	502.12	499	506	.
e524	a39138	-	a39137	+	1183	915	189.00	189	189	utg2
e525	a40331	+	a42805	-	1225	1026	137.00	137	137	.
e526	a40331	-	a39132	-	1096	978	210.00	210	210	utg2
e527	a41241	+	a33307	-	1031	944	226.00	226	226	.
e528	a41241	-	a39030	+	1126	908	153.00	153	153	utg2
e529	a41298	+	a33307	+	678	565	419.90	417	422	utg2
e530	a41298	-	a41299	+	704	614	243.00	243	243	.
e531	a41299	+	a39126	-	1144	974	203.00	203	203	.
e532	a41299	-	a41298	+	682	569	243.00	243	243	utg2
e533	a41383	+	a39027	-	1122	924	118.00	118	118	utg2
e534	a41383	-	a33303	-	969	891	212.00	212	212	.
e535	a41854	+	a39129	+	902	737	192.00	192	192	.
e536	a41854	-	a42998	+	940	809	220.00	220	220	utg2
e537	a42805	+	a40331	-	1177	987	137.00	137	137	utg2
e538	a42805	-	a42806	+	1142	1031	132.00	132	132	.
e539	a42806	+	a42807	-	1180	1031	118.00	118	118	.
e540	a42806	-	a42805	+	1116	1008	132.00	132	132	utg2
e541	a42807	+	a42806	-	1174	1008	118.00	118	118	utg2
e542	a42807	-	a39137	-	1054	969	223.00	223	223	.
e543	a42998	+	a39126	+	1164	964	184.00	184	184	utg2
e544	a42998	-	a41854	+	917	783	220.00	220	220	.
e545	a43630	+	a41299	+	187	144	250.00	250	250	.
e546	a43999	+	a62468	+	280	235	294.00	293	295	utg1
e547	a43999	-	a44000	-	354	305	197.00	197	197	utg1
e548	a44000	+	a43999	+	315	264	197.00	197	197	utg1
e549	a44000	-	a44001	-	423	305	223.00	223	223	utg1
e550	a44001	+	a44000	+	388	264	223.00	223	223	utg1
e551	a44001	-	a44002	+	290	257	399.99	399	402	utg1
e552	a44002	+	a62465	-	262	223	327.98	327	330	utg1
e553	a44002	-	a44001	+	268	225	399.99	398	402	utg1
e554	a44004	+	a62465	+	258	220	492.03	490	495	utg1
e555	a44004	-	a44005	-	317	256	141.00	141	141	utg1
e556	a44005	+	a44004	+	309	251	141.00	141	141	utg1
e557	a44005	-	a44006	-	326	285	213.00	213	213	utg1
e558	a44006	+	a44005	+	316	261	213.00	213	213	utg1
e559	a44006	+	a55352	+	417	360	213.00	213	213	utg1
e560	a44006	-	a44007	+	942	841	231.00	231	231	utg2
e561	a44007	+	a44008	+	1136	1021	165.00	165	165	utg2
e562	a44007	-	a44006	+	888	772	231.00	231	231	.
e563	a44008	+	a44009	-	1149	1021	119.00	119	119	utg2
e564	a44008	-	a44007	-	1039	929	165.00	165	165	.
e565	a44009	+	a44008	-	1070	929	119.00	119	119	.
e566	a44009	-	a44010	-	1047	951	142.00	142	142	utg2
e567	a44010	+	a44009	+	1013	900	142.00	142	142	.
e568	a44010	-	a44011	+	951	854	261.99	260	263	utg2
e569	a44011	+	a44012	+	1035	902	245.00	245	245	utg2
e570	a44011	-	a44010	+	914	814	262.00	261	263	.
e571	a44012	+	a44013	+	1142	902	168.00	168	168	utg2
e572	a44012	-	a44011	-	967	846	245.00	245	245	.
e573	a44013	+	a44014	+	910	807	254.00	253	255	utg2
e574	a44013	-	a44012	-	1096	846	168.00	168	168	.
e575	a44014	+	a56925	-	822	705	175.00	175	175	utg2
e576	a44014	-	a44013	-	823	725	254.00	254	255	.
e577	a44016	+	a44017	-	972	685	153.00	153	153	utg2
e578	a44016	-	a56925	+	681	626	256.99	256	258	.
e579	a44017	+	a44016	-	898	626	153.00	153	153	.
e580	a44017	-	a44018	+	887	753	256.00	256	257	utg2
e581	a44018	+	a44019	+	907	753	160.00	160	160	utg2
e582	a44018	-	a44017	+	833	713	256.00	256	256	.
e583	a44019	+	a44020	+	969	734	397.04	395	399	utg2
e584	a44019	-	a44018	-	864	713	160.00	160	160	.
e585	a44020	+	a44021	+	913	841	243.00	243	243	utg2
e586	a44020	-	a44019	-	936	714	397.03	394	399	.
e587	a44021	+	a44022	-	1049	855	170.00	170	170	utg2
e588	a44021	-	a44020	-	902	793	243.00	243	243	.
e589	a44022	+	a44021	-	1026	865	170.00	170	170	.
e590	a44022	-	a44023	-	1007	855	158.00	158	158	utg2
e591	a44023	+	a44022	+	1009	865	158.00	158	158	.
e592	a44023	-	a44024	-	873	783	348.03	346	351	utg2
e593	a44024	+	a44023	+	883	778	348.02	346	351	.
e594	a44024	-	a44025	-	1064	887	127.00	127	127	utg2
e595	a44025	+	a44024	+	1019	882	127.00	127	127	.
e596	a44025	-	a44026	+	993	887	166.00	166	166	utg2
e597	a44026	+	a44027	-	1074	952	172.00	172	172	utg2
e598	a44026	-	a44025	+	983	882	166.00	166	166	.
e599	a44027	+	a44026	-	1066	948	172.00	172	172	.
e600	a44027	-	a46224	-	1150	952	119.00	119	119	utg2
e601	a44539	+	a39138	-	1070	908	502.14	500	506	utg2
e602	a44539	-	a44540	-	1095	848	308.00	307	310	.
e603	a44540	+	a44539	+	1110	871	308.02	307	310	utg2
e604	a44540	-	a44597	-	1023	881	284.99	284	286	.
e605	a44597	+	a44540	+	1062	932	285.00	284	286	utg2
e606	a44597	-	a44598	+	1105	890	130.00	130	130	.
e607	a44598	+	a44599	-	981	890	162.00	162	162	.
e608	a44598	-	a44597	+	1154	932	130.00	130	130	utg2
e609	a44599	+	a44598	-	983	897	162.00	162	162	utg2
e610	a44599	-	a44954	-	931	762	253.00	253	254	.
e611	a44601	+	a46391	-	944	751	233.00	233	233	.
e612	a44601	-	a44954	+	1038	769	285.00	283	286	utg2
e613	a44788	+	a39026	-	165	146	180.00	180	180	.
e614	a44954	+	a44599	+	960	775	253.00	253	254	utg2
e615	a44954	-	a44601	+	982	751	285.00	284	286	.
e616	a44958	+	a46228	+	1036	834	225.00	225	225	utg2
e617	a44958	-	a46226	+	944	804	255.00	255	255	.
e618	a46224	+	a44027	+	1145	948	119.00	119	119	.
e619	a46224	-	a46225	+	1048	938	181.00	181	181	utg2
e620	a46225	+	a46226	-	956	830	298.01	297	300	utg2
e621	a46225	-	a46224	+	993	916	181.00	181	181	.
e622	a46226	+	a46225	-	941	785	298.01	296	303	.
e623	a46226	-	a44958	+	991	834	255.00	255	256	utg2
e624	a46228	+	a46229	-	1054	814	270.02	269	272	utg2
e625	a46228	-	a44958	-	1010	804	225.00	225	225	.
e626	a46229	+	a46228	-	983	764	270.02	269	271	.
e627	a46229	-	a46391	+	925	770	217.00	217	217	utg2
e628	a46391	+	a44601	-	954	769	233.00	233	233	utg2
e629	a46391	-	a46229	+	894	744	217.00	217	217	.
e630	a55352	+	a59599	+	298	246	237.00	237	237	utg1
e631	a55352	-	a44006	-	434	382	213.00	213	213	utg1
e632	a56925	+	a44014	-	754	637	175.00	175	175	.
e633	a56925	-	a44016	+	739	685	257.00	256	258	utg2
e634	a57754	+	a62469	+	285	257	249.01	249	250	utg1
e635	a57754	-	a61722	-	261	212	341.97	340	344	utg1
e636	a57756	+	a61722	+	307	232	129.00	129	129	utg1
e637	a57756	-	a68009	+	249	203	200.00	200	200	utg1
e638	a57762	+	a69413	-	330	290	174.00	174	174	utg1
e639	a57762	-	a71388	-	332	271	296.99	296	298	utg1
e640	a59599	+	a59799	+	308	222	287.92	286	289	utg1
e641	a59599	-	a55352	-	326	272	237.00	237	237	utg1
e642	a59799	+	a91658	-	362	222	425.01	423	428	utg1
e643	a59799	-	a59599	-	319	242	287.91	286	289	utg1
e644	a61722	+	a57754	+	274	232	342.00	340	343	utg1
e645	a61722	-	a57756	-	281	212	129.00	129	129	utg1
e646	a62465	+	a44002	-	265	205	328.03	327	330	utg1
e647	a62465	-	a44004	-	254	222	491.96	490	493	utg1
e648	a62468	+	a62469	-	326	244	156.00	156	156	utg1
e649	a62468	-	a43999	-	303	272	294.01	294	296	utg1
e650	a62469	+	a62468	-	355	257	156.00	156	156	utg1
e651	a62469	-	a57754	-	280	244	249.01	249	250	utg1
e652	a62501	+	a7195	+	272	219	244.00	244	244	utg0
e653	a62501	-	a138321	+	260	206	129.00	129	129	utg0
e654	a62504	+	a62505	-	503	385	162.00	162	162	utg0
e655	a62504	-	a138522	-	313	270	417.98	416	422	utg0
e656	a62505	+	a62504	-	426	340	162.00	162	162	utg0
e657	a62505	-	a138978	+	422	385	405.00	404	407	utg0
e658	a62507	+	a138978	-	406	324	188.00	188	188	utg0
e659	a62507	-	a138316	+	365	317	224.00	224	224	utg0
e660	a62509	+	a138314	-	350	311	372.92	370	375	utg0
e661	a62509	-	a138315	-	430	305	117.00	117	117	utg0
e662	a64660	+	a68010	-	232	205	340.97	339	343	utg1
e663	a64660	-	a69173	-	327	234	159.00	159	159	utg1
e664	a64665	+	a69410	+	362	281	175.00	175	175	utg1
e665	a64665	-	a64666	-	371	305	165.00	165	165	utg1
e666	a64666	+	a64665	+	359	281	165.00	165	165	utg1
e667	a64666	-	a64667	+	353	295	189.00	189	189	utg1
e668	a64667	+	a64668	+	365	309	134.00	134	134	utg1
e669	a64667	-	a64666	+	339	286	189.00	189	189	utg1
e670	a64668	+	a70538	-	382	331	254.00	253	255	utg1
e671	a64668	-	a64667	-	369	297	134.00	134	134	utg1
e672	a64676	+	a69189	+	402	328	160.00	160	160	utg1
e673	a64676	-	a73010	-	420	352	159.00	159	159	utg1
e674	a67017	+	a69173	+	337	284	236.00	236	236	utg1
e675	a67017	-	a69413	+	380	307	124.00	124	124	utg1
e676	a67476	+	a76551	-	337	284	258.01	258	259	utg1
e677	a67476	-	a73006	-	352	269	329.94	327	331	utg1
e678	a68009	+	a68010	+	262	180	198.00	198	198	utg1
e679	a68009	-	a57756	+	267	210	200.00	200	200	utg1
e680	a68010	+	a64660	-	256	233	340.92	339	342	utg1
e681	a68010	-	a68009	-	259	192	198.00	198	198	utg1
e682	a69173	+	a64660	+	311	235	159.00	159	159	utg1
e683	a69173	-	a67017	-	320	292	236.00	236	236	utg1
e684	a69189	+	a73012	+	391	329	211.00	211	211	utg1
e685	a69189	-	a64676	-	436	364	160.00	160	160	utg1
e686	a69410	+	a71388	+	306	238	444.95	442	447	utg1
e687	a69410	-	a64665	-	385	305	175.00	175	175	utg1
e688	a69413	+	a57762	-	357	307	174.00	174	174	utg1
e689	a69413	-	a67017	+	352	290	124.00	124	124	utg1
e690	a70538	+	a64668	-	362	318	253.98	253	254	utg1
e691	a70538	-	a70539	-	453	331	160.00	160	160	utg1
e692	a70539	+	a70538	+	430	318	160.00	160	160	utg1
e693	a70539	-	a75045	+	359	320	311.02	310	312	utg1
e694	a70541	+	a73013	-	395	343	146.00	146	146	utg1
e695	a70541	-	a75045	-	294	269	393.05	392	395	utg1
e696	a70551	+	a76552	-	412	340	374.00	373	375	utg1
e697	a70551	-	a76551	+	380	310	185.00	185	185	utg1
e698	a71388	+	a57762	+	304	238	297.01	297	298	utg1
e699	a71388	-	a69410	-	337	280	444.97	443	448	utg1
e700	a73001	+	a79344	-	437	387	215.00	215	215	utg1
e701	a73001	-	a73002	-	477	393	137.00	137	137	utg1
e702	a73002	+	a73001	+	484	399	137.00	137	137	utg1
e703	a73002	-	a76552	+	441	393	242.00	242	242	utg1
e704	a73006	+	a67476	+	351	267	330.01	329	331	utg1
e705	a73006	-	a73008	-	368	324	325.00	324	327	utg1
e706	a73008	+	a73006	+	372	297	325.01	324	326	utg1
e707	a73008	-	a73009	-	433	357	122.00	122	122	utg1
e708	a73009	+	a73008	+	397	351	122.00	122	122	utg1
e709	a73009	-	a73010	+	396	357	202.00	202	202	utg1
e710	a73010	+	a64676	+	387	323	159.00	159	159	utg1
e711	a73010	-	a73009	+	396	351	202.00	202	202	utg1
e712	a73012	+	a73013	+	406	329	164.00	164	164	utg1
e713	a73012	-	a69189	-	440	379	211.00	211	211	utg1
e714	a73013	+	a70541	-	365	304	146.00	146	146	utg1
e715	a73013	-	a73012	-	450	379	164.00	164	164	utg1
e716	a74345	+	a76685	+	311	253	150.00	150	150	utg1
e717	a74345	-	a76555	+	366	281	216.00	216	216	utg1
e718	a75045	+	a70541	+	307	290	393.05	391	395	utg1
e719	a75045	-	a70539	+	353	310	311.00	309	312	utg1
e720	a76551	+	a67476	-	335	274	258.00	258	258	utg1
e721	a76551	-	a70551	+	387	315	185.00	185	185	utg1
e722	a76552	+	a70551	-	397	335	373.99	373	376	utg1
e723	a76552	-	a73002	+	449	399	242.00	242	242	utg1
e724	a76555	+	a79347	+	382	337	179.00	179	179	utg1
e725	a76555	-	a74345	+	345	256	216.00	216	216	utg1
e726	a76557	+	a81837	-	457	370	302.02	301	303	utg1
e727	a76557	-	a79347	-	408	342	167.00	167	167	utg1
e728	a76559	+	a81837	+	454	363	210.00	210	210	utg1
e729	a76559	-	a81836	-	430	357	245.00	245	245	utg1
e730	a76685	+	a79344	+	296	253	235.00	235	235	utg1
e731	a76685	-	a74345	-	336	281	150.00	150	150	utg1
e732	a79344	+	a73001	-	424	380	215.00	215	215	utg1
e733	a79344	-	a76685	-	322	277	235.00	235	235	utg1
e734	a79347	+	a76557	+	398	337	167.00	167	167	utg1
e735	a79347	-	a76555	-	383	342	179.00	179	179	utg1
e736	a81832	+	a83223	-	393	318	218.00	218	218	utg1
e737	a81832	-	a81833	-	444	337	377.00	376	379	utg1
e738	a81833	+	a81832	+	416	312	376.99	376	379	utg1
e739	a81833	-	a82606	+	394	325	219.00	219	219	utg1
e740	a81835	+	a81836	+	425	330	144.00	144	144	utg1
e741	a81835	-	a83223	+	389	334	194.00	194	194	utg1
e742	a81836	+	a76559	+	398	344	245.00	245	245	utg1
e743	a81836	-	a81835	-	435	348	144.00	144	144	utg1
e744	a81837	+	a76557	-	458	363	301.98	301	303	utg1
e745	a81837	-	a76559	-	465	370	210.00	210	210	utg1
e746	a82606	+	a85523	+	371	315	192.00	192	192	utg1
e747	a82606	-	a81833	+	390	323	219.00	219	219	utg1
e748	a83025	+	a87330	+	244	181	322.98	322	324	utg1
e749	a83025	-	a87328	-	334	241	219.00	219	219	utg1
e750	a83223	+	a81832	-	429	337	218.00	218	218	utg1
e751	a83223	-	a81835	+	368	318	194.00	194	194	utg1
e752	a84791	+	a91658	+	402	247	120.00	120	120	utg1
e753	a84791	-	a91659	-	230	203	127.00	127	127	utg1
e754	a85156	+	a85523	-	456	328	388.96	387	391	utg1
e755	a85156	-	a85157	-	323	281	250.00	250	251	utg1
e756	a85157	+	a85156	+	263	235	250.00	250	251	utg1
e757	a85157	-	a85158	-	329	281	176.00	176	176	utg1
e758	a85158	+	a85157	+	290	235	176.00	176	176	utg1
e759	a85158	-	a85159	-	381	289	196.00	196	196	utg1
e760	a85159	+	a85158	+	368	286	196.00	196	196	utg1
e761	a85159	-	a85160	-	407	311	237.00	237	237	utg1
e762	a85160	+	a85159	+	379	287	237.00	237	237	utg1
e763	a85160	-	a85161	-	415	311	143.00	143	143	utg1
e764	a85161	+	a85160	+	361	287	143.00	143	143	utg1
e765	a85161	-	a85162	-	337	284	276.01	275	278	utg1
e766	a85162	+	a85161	+	313	244	276.01	275	277	utg1
e767	a85162	-	a87328	+	347	263	215.00	215	215	utg1
e768	a85523	+	a85156	-	461	315	389.00	387	390	utg1
e769	a85523	-	a82606	-	391	328	192.00	192	192	utg1
e770	a85533	+	a87330	-	233	169	352.95	352	354	utg1
e771	a85533	-	a93581	+	351	284	139.00	139	139	utg1
e772	a87328	+	a83025	+	343	263	219.00	219	219	utg1
e773	a87328	-	a85162	+	325	241	215.00	215	215	utg1
e774	a87330	+	a85533	-	250	185	352.94	352	354	utg1
e775	a87330	-	a83025	-	243	189	323.01	322	324	utg1
e776	a87333	+	a93581	-	308	246	395.94	393	398	utg1
e777	a87333	-	a91659	+	233	214	220.00	220	220	utg1
e778	a91658	+	a59799	-	354	247	424.97	423	426	utg1
e779	a91658	-	a84791	-	350	219	120.00	120	120	utg1
e780	a91659	+	a84791	+	258	230	127.00	127	127	utg1
e781	a91659	-	a87333	+	212	184	220.00	220	220	utg1
e782	a93581	+	a87333	-	333	284	396.00	394	399	utg1
e783	a93581	-	a85533	+	301	246	139.00	139	139	utg1
e784	a138314	+	a62509	-	329	305	372.94	371	375	utg0
e785	a138314	-	a142049	+	313	236	389.99	388	391	utg0
e786	a138315	+	a62509	+	438	311	117.00	117	117	utg0
e787	a138315	-	a138316	-	319	294	246.05	246	247	utg0
e788	a138316	+	a138315	+	328	304	246.08	246	247	utg0
e789	a138316	-	a62507	+	333	294	224.00	224	224	utg0
e790	a138321	+	a138522	+	263	217	211.00	211	211	utg0
e791	a138321	-	a62501	+	251	183	129.00	129	129	utg0
e792	a138511	+	a147851	+	272	252	233.00	233	233	utg0
e793	a138511	-	a138512	-	447	352	124.00	124	124	utg0
e794	a138512	+	a138511	+	454	376	124.00	124	124	utg0
e795	a138512	-	a146601	-	419	352	143.00	143	143	utg0
e796	a138522	+	a62504	+	347	313	418.02	417	419	utg0
e797	a138522	-	a138321	-	234	198	211.00	211	211	utg0
e798	a138978	+	a62507	-	468	369	188.00	188	188	utg0
e799	a138978	-	a62505	+	381	340	405.01	403	407	utg0
e800	a138983	+	a146601	+	362	339	237.00	237	237	utg0
e801	a138983	-	a142048	+	362	270	118.00	118	118	utg0
e802	a142048	+	a142049	-	287	260	347.00	345	349	utg0
e803	a142048	-	a138983	+	391	307	118.00	118	118	utg0
e804	a142049	+	a142048	-	298	276	346.98	344	348	utg0
e805	a142049	-	a138314	+	314	241	390.00	389	392	utg0
e806	a144656	+	a152883	-	224	174	272.00	271	272	utg0
e807	a144656	-	a152028	-	333	246	152.00	152	152	utg0
e808	a144662	+	a146704	+	354	325	295.98	294	298	utg0
e809	a144662	-	a146702	+	403	326	249.00	249	249	utg0
e810	a144664	+	a146702	-	374	296	219.00	219	219	utg0
e811	a144664	-	a144665	+	367	299	259.98	258	261	utg0
e812	a144665	+	a147006	-	363	291	162.00	162	162	utg0
e813	a144665	-	a144664	+	357	295	260.01	259	261	utg0
e814	a146599	+	a149923	-	226	181	340.00	339	341	utg0
e815	a146599	-	a147851	-	208	179	450.05	449	451	utg0
e816	a146601	+	a138512	+	449	376	143.00	143	143	utg0
e817	a146601	-	a138983	-	339	313	237.00	237	237	utg0
e818	a146702	+	a144664	-	384	326	219.00	219	219	utg0
e819	a146702	-	a144662	+	366	296	249.00	249	249	utg0
e820	a146704	+	a150010	-	417	334	132.00	132	132	utg0
e821	a146704	-	a144662	-	375	342	295.91	294	298	utg0
e822	a146707	+	a150011	+	343	293	247.00	247	247	utg0
e823	a146707	-	a152028	+	265	242	466.95	465	469	utg0
e824	a147006	+	a144665	-	362	282	162.00	162	162	utg0
e825	a147006	-	a150374	+	295	256	252.00	251	252	utg0
e826	a147851	+	a146599	+	218	183	450.03	448	452	utg0
e827	a147851	-	a138511	-	260	247	233.00	233	233	utg0
e828	a149923	+	a146599	-	253	183	340.04	339	341	utg0
e829	a149923	-	a150374	-	287	216	384.97	383	386	utg0
e830	a150010	+	a146704	-	397	342	132.00	132	132	utg0
e831	a150010	-	a150011	-	402	334	144.00	144	144	utg0
e832	a150011	+	a150010	+	394	330	144.00	144	144	utg0
e833	a150011	-	a146707	-	324	286	247.00	247	247	utg0
e834	a150374	+	a149923	+	278	198	384.96	383	386	utg0
e835	a150374	-	a147006	+	316	273	252.00	252	252	utg0
e836	a152028	+	a144656	+	351	242	152.00	152	152	utg0
e837	a152028	-	a146707	+	272	246	466.97	465	470	utg0
e838	a152033	+	a159600	+	269	248	352.01	350	353	utg0
e839	a152033	-	a153306	+	398	239	163.00	163	163	utg0
e840	a152883	+	a144656	-	231	180	272.00	271	272	utg0
e841	a152883	-	a153339	-	204	163	268.00	267	268	utg0
e842	a153306	+	a153307	-	282	238	428.97	427	431	utg0
e843	a153306	-	a152033	+	430	290	163.00	163	163	utg0
e844	a153307	+	a153306	-	339	290	428.99	427	432	utg0
e845	a153307	-	a153308	-	277	229	324.05	323	326	utg0
e846	a153308	+	a153307	+	310	264	324.03	322	327	utg0
e847	a153308	-	a153309	-	338	275	227.00	227	227	utg0
e848	a153309	+	a153308	+	358	297	227.00	227	227	utg0
e849	a153309	-	a153310	+	341	305	404.01	403	406	utg0
e850	a153310	+	a153332	-	433	347	141.00	141	141	utg0
e851	a153310	-	a153309	+	347	317	404.05	403	407	utg0
e852	a153312	+	a153313	-	400	353	205.00	205	205	utg0
e853	a153312	-	a153332	+	392	343	318.99	317	320	utg0
e854	a153313	+	a153312	-	403	344	205.00	205	205	utg0
e855	a153313	-	a153314	+	408	353	160.00	160	160	utg0
e856	a153314	+	a159486	+	375	331	192.00	192	192	utg0
e857	a153314	-	a153313	+	417	346	160.00	160	160	utg0
e858	a153332	+	a153310	-	433	343	141.00	141	141	utg0
e859	a153332	-	a153312	+	389	347	318.99	317	320	utg0
e860	a153339	+	a152883	+	206	172	268.00	267	268	utg0
e861	a153339	-	a159600	-	255	204	194.00	194	194	utg0
e862	a159486	+	a159487	+	340	286	349.99	349	351	utg0
e863	a159486	-	a153314	-	392	346	192.00	192	192	utg0
e864	a159487	+	a162351	+	357	284	149.00	149	149	utg0
e865	a159487	-	a159486	-	344	296	350.00	349	351	utg0
e866	a159600	+	a153339	+	239	203	194.00	194	194	utg0
e867	a159600	-	a152033	-	262	239	352.02	351	354	utg0
e868	a159705	+	a162092	+	304	258	124.00	124	124	utg0
e869	a159705	-	a162790	-	331	306	167.00	167	167	utg0
e870	a159711	+	a162087	+	330	245	273.08	272	275	utg0
e871	a159711	-	a162357	+	382	283	137.00	137	137	utg0
e872	a162069	+	a168418	-	315	280	183.00	183	183	utg0
e873	a162069	-	a166298	-	354	310	241.00	241	241	utg0
e874	a162075	+	a163378	-	372	317	204.00	204	204	utg0
e875	a162075	-	a166293	-	308	279	200.00	200	200	utg0
e876	a162079	+	a164705	-	285	245	300.02	299	302	utg0
e877	a162079	-	a163376	+	350	326	242.00	242	242	utg0
e878	a162084	+	a162085	+	293	265	294.01	293	295	utg0
e879	a162084	-	a162363	-	379	282	127.00	127	127	utg0
e880	a162085	+	a165380	-	338	257	192.00	192	192	utg0
e881	a162085	-	a162084	-	293	273	294.00	293	295	utg0
e882	a162087	+	a165380	+	278	242	190.00	190	190	utg0
e883	a162087	-	a159711	-	314	247	273.03	272	274	utg0
e884	a162091	+	a162785	-	249	230	337.00	336	339	utg0
e885	a162091	-	a162092	-	291	251	309.00	308	310	utg0
e886	a162092	+	a162091	+	264	218	309.00	308	310	utg0
e887	a162092	-	a159705	-	317	275	124.00	124	124	utg0
e888	a162351	+	a162790	+	345	284	123.00	123	123	utg0
e889	a162351	-	a159487	-	372	318	149.00	149	149	utg0
e890	a162357	+	a162784	+	304	283	234.00	234	234	utg0
e891	a162357	-	a159711	+	365	269	137.00	137	137	utg0
e892	a162363	+	a162084	+	393	267	127.00	127	127	utg0
e893	a162363	-	a162364	+	326	282	217.00	217	217	utg0
e894	a162364	+	a164705	+	302	261	139.00	139	139	utg0
e895	a162364	-	a162363	+	296	267	217.00	217	217	utg0
e896	a162784	+	a162785	+	332	258	125.00	125	125	utg0
e897	a162784	-	a162357	-	295	269	234.00	234	234	utg0
e898	a162785	+	a162091	-	278	258	337.00	335	339	utg0
e899	a162785	-	a162784	-	324	243	125.00	125	125	utg0
e900	a162790	+	a159705	+	304	270	167.00	167	167	utg0
e901	a162790	-	a162351	-	392	318	123.00	123	123	utg0
e902	a163376	+	a163377	+	377	330	136.00	136	136	utg0
e903	a163376	-	a162079	+	357	321	242.00	242	242	utg0
e904	a163377	+	a163378	+	373	330	118.00	118	118	utg0
e905	a163377	-	a163376	-	376	321	136.00	136	136	utg0
e906	a163378	+	a162075	-	384	313	204.00	204	204	utg0
e907	a163378	-	a163377	-	372	317	118.00	118	118	utg0
e908	a164705	+	a162079	-	289	261	300.01	299	301	utg0
e909	a164705	-	a162364	-	285	245	139.00	139	139	utg0
e910	a165380	+	a162085	-	349	272	192.00	192	192	utg0
e911	a165380	-	a162087	-	277	236	190.00	190	190	utg0
e912	a165386	+	a166293	+	314	274	143.00	143	143	utg0
e913	a165386	-	a166294	-	354	312	214.00	214	214	utg0
e914	a165388	+	a166294	+	416	329	117.00	117	117	utg0
e915	a165388	-	a169666	-	349	321	193.00	193	193	utg0
e916	a165393	+	a166298	+	453	370	144.00	144	144	utg0
e917	a165393	-	a169142	+	397	347	118.00	118	118	utg0
e918	a165396	+	a165397	+	320	272	234.00	234	234	utg0
e919	a165396	-	a169143	+	218	186	280.99	280	281	utg0
e920	a165397	+	a171029	-	367	323	173.00	173	173	utg0
e921	a165397	-	a165396	-	336	295	234.00	234	234	utg0
e922	a165400	+	a173846	+	379	349	234.00	234	234	utg0
e923	a165400	-	a169148	+	390	338	151.00	151	151	utg0
e924	a166293	+	a162075	+	321	274	200.00	200	200	utg0
e925	a166293	-	a165386	-	335	282	143.00	143	143	utg0
e926	a166294	+	a165386	+	335	306	214.00	214	214	utg0
e927	a166294	-	a165388	-	403	321	117.00	117	117	utg0
e928	a166298	+	a162069	+	352	316	241.00	241	241	utg0
e929	a166298	-	a165393	-	420	347	144.00	144	144	utg0
e930	a166569	+	a168630	-	424	368	133.00	133	133	utg0
e931	a166569	-	a171024	+	435	374	149.00	149	149	utg0
e932	a168418	+	a162069	-	307	276	183.00	183	183	utg0
e933	a168418	-	a169666	+	326	285	228.00	228	228	utg0
e934	a168616	+	a174976	-	363	324	261.00	260	262	utg0
e935	a168616	-	a168617	-	381	343	171.00	171	171	utg0
e936	a168617	+	a168616	+	403	356	171.00	171	171	utg0
e937	a168617	-	a175281	-	414	343	118.00	118	118	utg0
e938	a168620	+	a174878	+	346	287	178.00	178	178	utg0
e939	a168620	-	a172373	-	340	290	227.00	227	227	utg0
e940	a168625	+	a171212	+	394	308	180.00	180	180	utg0
e941	a168625	-	a174880	-	351	304	202.00	202	202	utg0
e942	a168627	+	a174880	+	309	268	297.00	296	298	utg0
e943	a168627	-	a171210	+	355	272	236.00	236	236	utg0
e944	a168630	+	a166569	-	428	379	133.00	133	133	utg0
e945	a168630	-	a173846	-	413	368	135.00	135	135	utg0
e946	a169142	+	a169143	-	255	237	190.00	190	190	utg0
e947	a169142	-	a165393	+	405	370	118.00	118	118	utg0
e948	a169143	+	a169142	-	250	231	190.00	190	190	utg0
e949	a169143	-	a165396	+	225	200	281.00	281	281	utg0
e950	a169147	+	a169148	-	424	340	123.00	123	123	utg0
e951	a169147	-	a171029	+	370	336	171.00	171	171	utg0
e952	a169148	+	a169147	-	424	338	123.00	123	123	utg0
e953	a169148	-	a165400	+	381	340	151.00	151	151	utg0
e954	a169666	+	a165388	+	367	329	193.00	193	193	utg0
e955	a169666	-	a168418	+	304	264	228.00	228	228	utg0
e956	a171024	+	a171210	-	347	328	446.02	444	449	utg0
e957	a171024	-	a166569	+	429	365	149.00	149	149	utg0
e958	a171029	+	a165397	-	389	336	173.00	173	173	utg0
e959	a171029	-	a169147	+	369	329	171.00	171	171	utg0
e960	a171210	+	a171024	-	349	322	446.01	444	448	utg0
e961	a171210	-	a168627	+	347	272	236.00	236	236	utg0
e962	a171212	+	a171213	+	339	292	465.00	463	467	utg0
e963	a171212	-	a168625	-	406	305	180.00	180	180	utg0
e964	a171213	+	a172373	+	283	244	454.02	452	456	utg0
e965	a171213	-	a171212	-	331	305	465.02	463	467	utg0
e966	a172373	+	a168620	+	300	255	227.00	227	227	utg0
e967	a172373	-	a171213	-	293	262	453.98	450	457	utg0
e968	a173846	+	a168630	+	428	379	135.00	135	135	utg0
e969	a173846	-	a165400	-	370	341	234.00	234	234	utg0
e970	a174878	+	a175281	+	357	312	359.02	357	361	utg0
e971	a174878	-	a168620	-	388	324	178.00	178	178	utg0
e972	a174880	+	a168625	+	347	308	202.00	202	202	utg0
e973	a174880	-	a168627	-	298	263	296.99	295	298	utg0
e974	a174971	+	a178582	+	282	263	323.00	322	324	utg0
e975	a174971	-	a176657	-	353	307	259.98	259	260	utg0
e976	a174976	+	a168616	-	386	338	260.99	260	262	utg0
e977	a174976	-	a181013	+	330	297	217.00	217	217	utg0
e978	a175281	+	a168617	+	404	356	118.00	118	118	utg0
e979	a175281	-	a174878	-	366	324	359.02	358	361	utg0
e980	a176657	+	a174971	+	335	276	259.97	259	260	utg0
e981	a176657	-	a176658	+	371	312	281.02	280	282	utg0
e982	a176658	+	a181013	-	390	348	144.00	144	144	utg0
e983	a176658	-	a176657	+	359	284	281.01	281	282	utg0
e984	a177683	+	a178089	-	292	250	555.98	554	558	utg0
e985	a177683	-	a178582	-	386	299	151.00	151	151	utg0
e986	a178076	+	a178977	+	274	247	215.00	215	215	utg0
e987	a178076	-	a178976	-	294	230	174.00	174	174	utg0
e988	a178078	+	a178977	-	312	269	226.00	226	226	utg0
e989	a178078	-	a178980	-	382	312	216.00	216	216	utg0
e990	a178083	+	a178984	+	285	223	251.00	251	251	utg0
e991	a178083	-	a178578	-	351	304	214.00	214	214	utg0
e992	a178086	+	a178087	-	310	275	234.00	234	234	utg0
e993	a178086	-	a178579	-	363	270	204.00	204	204	utg0
e994	a178087	+	a178086	-	287	254	234.00	234	234	utg0
e995	a178087	-	a178580	+	335	270	190.00	190	190	utg0
e996	a178089	+	a177683	-	337	284	555.97	553	558	utg0
e997	a178089	-	a178580	-	358	258	251.00	251	251	utg0
e998	a178578	+	a178083	+	325	273	214.00	214	214	utg0
e999	a178578	-	a178579	+	358	304	196.00	196	196	utg0
e1000	a178579	+	a178086	+	393	304	204.00	204	204	utg0
e1001	a178579	-	a178578	+	317	273	196.00	196	196	utg0
e1002	a178580	+	a178089	+	364	284	251.00	251	251	utg0
e1003	a178580	-	a178087	+	312	258	190.00	190	190	utg0
e1004	a178582	+	a177683	+	341	263	151.00	151	151	utg0
e1005	a178582	-	a174971	-	322	299	322.99	321	324	utg0
e1006	a178974	+	a182576	-	304	265	208.00	208	208	utg0
e1007	a178974	-	a184140	-	274	202	318.98	318	320	utg0
e1008	a178976	+	a178076	+	337	247	174.00	174	174	utg0
e1009	a178976	-	a182576	+	284	228	199.00	199	199	utg0
e1010	a178977	+	a178078	-	310	270	226.00	226	226	utg0
e1011	a178977	-	a178076	-	253	230	215.00	215	215	utg0
e1012	a178980	+	a178078	+	367	292	216.00	216	216	utg0
e1013	a178980	-	a181363	+	387	312	116.00	116	116	utg0
e1014	a178982	+	a181363	-	292	275	314.00	313	316	utg0
e1015	a178982	-	a183992	-	359	258	138.00	138	138	utg0
e1016	a178984	+	a183992	+	278	236	302.91	302	304	utg0
e1017	a178984	-	a178083	-	293	233	251.00	251	252	utg0
e1018	a181013	+	a176658	-	340	297	144.00	144	144	utg0
e1019	a181013	-	a174976	+	384	348	217.00	217	217	utg0
e1020	a181104	+	a184142	+	262	216	395.96	394	397	utg0
e1021	a181104	-	a184143	+	253	183	197.00	197	197	utg0
e1022	a181363	+	a178982	-	304	285	313.99	313	315	utg0
e1023	a181363	-	a178980	+	372	292	116.00	116	116	utg0
e1024	a182179	+	a38423	+	302	266	236.00	236	236	utg0
e1025	a182179	-	a182180	+	387	273	122.00	122	122	utg0
e1026	a182180	+	a189811	-	323	273	280.00	279	281	utg0
e1027	a182180	-	a182179	+	397	294	122.00	122	122	utg0
e1028	a182183	+	a189810	-	356	275	121.00	121	121	utg0
e1029	a182183	-	a187323	-	365	309	151.00	151	151	utg0
e1030	a182576	+	a178974	-	273	228	208.00	208	208	utg0
e1031	a182576	-	a178976	+	326	265	199.00	199	199	utg0
e1032	a183992	+	a178982	+	324	252	138.00	138	138	utg0
e1033	a183992	-	a178984	-	289	233	302.94	301	304	utg0
e1034	a184140	+	a178974	+	304	229	319.00	318	320	utg0
e1035	a184140	-	a186682	-	262	195	391.01	388	393	utg0
e1036	a184142	+	a186682	+	327	244	295.01	294	296	utg0
e1037	a184142	-	a181104	-	227	183	395.97	395	397	utg0
e1038	a184143	+	a184144	+	293	181	172.00	172	172	utg0
e1039	a184143	-	a181104	+	294	221	197.00	197	197	utg0
e1040	a184144	+	a187326	+	204	178	386.94	385	389	utg0
e1041	a184144	-	a184143	-	346	221	172.00	172	172	utg0
e1042	a186682	+	a184140	+	309	244	390.96	388	394	utg0
e1043	a186682	-	a184142	-	266	189	295.00	294	296	utg0
e1044	a187323	+	a182183	+	342	286	151.00	151	151	utg0
e1045	a187323	-	a189811	+	366	309	180.00	180	180	utg0
e1046	a187326	+	a189809	-	266	226	143.00	143	143	utg0
e1047	a187326	-	a184144	-	203	174	386.92	385	389	utg0
e1048	a189809	+	a187326	-	255	200	143.00	143	143	utg0
e1049	a189809	-	a189810	+	284	268	150.00	150	150	utg0
e1050	a189810	+	a182183	-	372	296	121.00	121	121	utg0
e1051	a189810	-	a189809	+	269	245	150.00	150	150	utg0
e1052	a189811	+	a182180	-	335	294	280.00	279	281	utg0
e1053	a189811	-	a187323	+	352	286	180.00	180	180	utg0
e1054	a193543	+	a38438	-	294	253	149.00	149	149	utg0
e1055	a193543	-	a38440	+	327	271	157.00	157	157	utg0
e1056	a194422	+	a38437	-	381	289	288.99	288	290	utg0
e1057	a194422	-	a38435	+	349	274	147.00	147	147	utg0
e1058	a194424	+	a38444	-	337	283	183.00	183	183	utg0
e1059	a194424	-	a38446	+	415	353	279.00	278	279	utg0
e1060	a198233	+	a201411	+	425	369	140.00	140	140	utg0
e1061	a198233	-	a199824	-	420	362	168.00	168	168	utg0
e1062	a198627	+	a199827	+	459	394	172.00	172	172	utg0
e1063	a198627	-	a199570	-	472	391	245.00	245	245	utg0
e1064	a199557	+	a199558	+	526	430	154.00	154	154	utg0
e1065	a199557	-	a199834	-	437	390	304.00	303	305	utg0
e1066	a199558	+	a199559	+	495	430	180.00	180	180	utg0
e1067	a199558	-	a199557	-	552	449	154.00	154	154	utg0
e1068	a199559	+	a202248	+	401	364	234.00	234	234	utg0
e1069	a199559	-	a199558	-	515	449	180.00	180	180	utg0
e1070	a199563	+	a199564	+	419	324	152.00	152	152	utg0
e1071	a199563	-	a202121	-	395	313	291.01	290	292	utg0
e1072	a199564	+	a199829	+	376	324	195.00	195	195	utg0
e1073	a199564	-	a199563	-	426	332	152.00	152	152	utg0
e1074	a199566	+	a199567	-	427	319	225.00	225	225	utg0
e1075	a199566	-	a199829	-	395	329	245.00	245	245	utg0
e1076	a199567	+	a199566	-	468	335	225.00	225	225	utg0
e1077	a199567	-	a199827	-	365	332	536.99	535	539	utg0
e1078	a199570	+	a198627	+	480	408	245.00	245	245	utg0
e1079	a199570	-	a200968	-	482	392	117.00	117	117	utg0
e1080	a199824	+	a198233	+	449	369	168.00	168	168	utg0
e1081	a199824	-	a38453	+	385	336	341.98	341	343	utg0
e1082	a199827	+	a199567	+	386	350	536.99	535	541	utg0
e1083	a199827	-	a198627	-	445	374	172.00	172	172	utg0
e1084	a199829	+	a199566	+	383	313	245.00	245	245	utg0
e1085	a199829	-	a199564	-	387	332	195.00	195	195	utg0
e1086	a199831	+	a202248	-	387	318	357.04	356	360	utg0
e1087	a199831	-	a202121	+	373	303	239.00	239	239	utg0
e1088	a199834	+	a199557	+	424	378	303.97	302	305	utg0
e1089	a199834	-	a199835	-	354	331	289.99	289	291	utg0
e1090	a199835	+	a199834	+	319	284	290.00	289	291	utg0
e1091	a199835	-	a16710	-	440	337	128.00	128	128	utg0
e1092	a200968	+	a199570	+	509	408	117.00	117	117	utg0
e1093	a200968	-	a201411	-	421	392	227.00	227	227	utg0
e1094	a201411	+	a200968	+	437	408	227.00	227	227	utg0
e1095	a201411	-	a198233	-	420	362	140.00	140	140	utg0
e1096	a201606	+	a16707	+	327	290	462.96	462	464	utg0
e1097	a201606	-	a16704	+	363	265	318.02	317	319	utg0
e1098	a202121	+	a199563	+	389	307	290.99	290	292	utg0
e1099	a202121	-	a199831	+	387	313	239.00	239	239	utg0
e1100	a202244	+	a211121	-	424	329	279.99	278	281	utg0
e1101	a202244	-	a16710	+	365	303	154.00	154	154	utg0
e1102	a202248	+	a199831	-	367	301	357.01	356	359	utg0
e1103	a202248	-	a199559	-	419	382	234.00	234	234	utg0
e1104	a206263	+	a210293	+	346	277	361.03	360	363	utg0
e1105	a206263	-	a16703	+	430	283	163.00	163	163	utg0
e1106	a210293	+	a10122	+	330	277	234.00	234	234	utg0
e1107	a210293	-	a206263	-	323	257	361.01	360	362	utg0
e1108	a211121	+	a202244	-	370	293	280.00	280	280	utg0
e1109	a211121	-	a16707	-	447	327	163.00	163	163	utg0
